{
  "providers": {
    "awscloudformation": {
      "AuthRoleName": "amplify-memorymatchgame-project-115409-authRole",
      "UnauthRoleArn": "arn:aws:iam::096280765184:role/amplify-memorymatchgame-project-115409-unauthRole",
      "AuthRoleArn": "arn:aws:iam::096280765184:role/amplify-memorymatchgame-project-115409-authRole",
      "Region": "us-east-1",
      "DeploymentBucketName": "amplify-memorymatchgame-project-115409-deployment",
      "UnauthRoleName": "amplify-memorymatchgame-project-115409-unauthRole",
      "StackName": "amplify-memorymatchgame-project-115409",
      "StackId": "arn:aws:cloudformation:us-east-1:096280765184:stack/amplify-memorymatchgame-project-115409/2fefa260-c447-11ee-90cf-128aa43a0cf3",
      "AmplifyAppId": "d2bqgxqgmpulgc"
    }
  },
  "auth": {
    "memorymatchgamef7125194": {
      "customAuth": false,
      "dependsOn": [],
      "frontendAuthConfig": {
        "mfaConfiguration": "OFF",
        "mfaTypes": [
          "SMS"
        ],
        "passwordProtectionSettings": {
          "passwordPolicyMinLength": 8,
          "passwordPolicyCharacters": []
        },
        "signupAttributes": [
          "EMAIL"
        ],
        "socialProviders": [],
        "usernameAttributes": [
          "EMAIL"
        ],
        "verificationMechanisms": [
          "EMAIL"
        ]
      },
      "providerPlugin": "awscloudformation",
      "service": "Cognito",
      "providerMetadata": {
        "s3TemplateURL": "https://s3.amazonaws.com/amplify-memorymatchgame-project-115409-deployment/amplify-cfn-templates/auth/memorymatchgamef7125194-cloudformation-template.json",
        "logicalId": "authmemorymatchgamef7125194"
      },
      "lastPushTimeStamp": "2024-02-05T17:21:30.635Z",
      "output": {
        "UserPoolId": "us-east-1_UJiOYNB2Z",
        "AppClientIDWeb": "3kb30qrfhdss0nrm4qh3vuuf87",
        "AppClientID": "626rtjifkdhptfiruqt4c67bgq",
        "IdentityPoolId": "us-east-1:e825517e-44ae-45bd-9098-1978d324f176",
        "UserPoolArn": "arn:aws:cognito-idp:us-east-1:096280765184:userpool/us-east-1_UJiOYNB2Z",
        "IdentityPoolName": "memorymatchgamef7125194_identitypool_f7125194__project",
        "UserPoolName": "memorymatchgamef7125194_userpool_f7125194"
      },
      "lastPushDirHash": "77Hu5XvGJET9neI9qKehG3i0vIE="
    }
  },
  "api": {
    "memorymatchgame": {
      "service": "AppSync",
      "providerPlugin": "awscloudformation",
      "dependsOn": [
        {
          "category": "auth",
          "resourceName": "memorymatchgamef7125194",
          "attributes": [
            "UserPoolId"
          ]
        }
      ],
      "output": {
        "authConfig": {
          "defaultAuthentication": {
            "authenticationType": "AMAZON_COGNITO_USER_POOLS",
            "userPoolConfig": {
              "userPoolId": "authmemorymatchgamef7125194"
            }
          },
          "additionalAuthenticationProviders": []
        },
        "GraphQLAPIIdOutput": "otgypsd4pfdufdzp2rarcyq5va",
        "GraphQLAPIEndpointOutput": "https://lbbdn3yysbhsxbm7xx7z6g2yge.appsync-api.us-east-1.amazonaws.com/graphql"
      },
      "providerMetadata": {
        "s3TemplateURL": "https://s3.amazonaws.com/amplify-memorymatchgame-project-115409-deployment/amplify-cfn-templates/api/cloudformation-template.json",
        "logicalId": "apimemorymatchgame"
      },
      "lastPushTimeStamp": "2024-02-05T17:21:31.176Z",
      "lastPushDirHash": "YbEOM/IvvhkUAio6VgX8T6vlvrk="
    }
  }
}